<?xml version='1.0' encoding='utf-8'?>
<Navio ID="28"><Nome>Navio \</Nome><Rastreamento><PontoDeDados Timestamp="2022-05-22T14:17:23Z"><Latitude>39.0842</Latitude><Longitude>117.2009</Longitude><Velocidade>17</Velocidade><Direcao>216.15788120961187</Direcao><Status>Ancorado</Status></PontoDeDados><PontoDeDados Timestamp="2022-05-22T20:17:23Z"><Latitude>39.0842</Latitude><Longitude>117.2009</Longitude><Velocidade>17</Velocidade><Direcao>216.15788120961187</Direcao><Status>Ancorado</Status></PontoDeDados></Rastreamento></Navio>