<?xml version='1.0' encoding='utf-8'?>
<Navio ID="22"><Nome>Navio V</Nome><Rastreamento><PontoDeDados Timestamp="2021-08-29T14:17:23Z"><Latitude>25.0257</Latitude><Longitude>55.1319</Longitude><Velocidade>15</Velocidade><Direcao>23.813502587977922</Direcao><Status>Ancorado</Status></PontoDeDados><PontoDeDados Timestamp="2021-08-29T20:17:23Z"><Latitude>25.0257</Latitude><Longitude>55.1319</Longitude><Velocidade>15</Velocidade><Direcao>23.813502587977922</Direcao><Status>Ancorado</Status></PontoDeDados></Rastreamento></Navio>