<?xml version='1.0' encoding='utf-8'?>
<Navio ID="17"><Nome>Navio Q</Nome><Rastreamento><PontoDeDados Timestamp="2022-06-10T14:17:23Z"><Latitude>22.6167</Latitude><Longitude>120.2833</Longitude><Velocidade>18</Velocidade><Direcao>318.8022127799854</Direcao><Status>Ancorado</Status></PontoDeDados><PontoDeDados Timestamp="2022-06-10T20:17:23Z"><Latitude>22.6167</Latitude><Longitude>120.2833</Longitude><Velocidade>18</Velocidade><Direcao>318.8022127799854</Direcao><Status>Ancorado</Status></PontoDeDados></Rastreamento></Navio>