<?xml version='1.0' encoding='utf-8'?>
<Navio ID="29"><Nome>Navio ]</Nome><Rastreamento><PontoDeDados Timestamp="2022-03-07T14:17:23Z"><Latitude>51.2194</Latitude><Longitude>4.4025</Longitude><Velocidade>18</Velocidade><Direcao>285.3182306089612</Direcao><Status>Ancorado</Status></PontoDeDados><PontoDeDados Timestamp="2022-03-07T20:17:23Z"><Latitude>51.2194</Latitude><Longitude>4.4025</Longitude><Velocidade>18</Velocidade><Direcao>285.3182306089612</Direcao><Status>Ancorado</Status></PontoDeDados></Rastreamento></Navio>