<?xml version='1.0' encoding='utf-8'?>
<Navio ID="44"><Nome>Navio l</Nome><Rastreamento><PontoDeDados Timestamp="2022-04-06T14:17:23Z"><Latitude>49.2827</Latitude><Longitude>-123.1207</Longitude><Velocidade>24</Velocidade><Direcao>161.35404644200466</Direcao><Status>Ancorado</Status></PontoDeDados><PontoDeDados Timestamp="2022-04-06T20:17:23Z"><Latitude>49.2827</Latitude><Longitude>-123.1207</Longitude><Velocidade>24</Velocidade><Direcao>161.35404644200466</Direcao><Status>Ancorado</Status></PontoDeDados></Rastreamento></Navio>