<?xml version='1.0' encoding='utf-8'?>
<Navio ID="35"><Nome>Navio c</Nome><Rastreamento><PontoDeDados Timestamp="2022-02-12T14:17:23Z"><Latitude>25.0257</Latitude><Longitude>55.1319</Longitude><Velocidade>18</Velocidade><Direcao>95.07010169832708</Direcao><Status>Ancorado</Status></PontoDeDados><PontoDeDados Timestamp="2022-02-12T20:17:23Z"><Latitude>25.0257</Latitude><Longitude>55.1319</Longitude><Velocidade>18</Velocidade><Direcao>95.07010169832708</Direcao><Status>Ancorado</Status></PontoDeDados><PontoDeDados Timestamp="2022-02-13T02:17:23Z"><Latitude>25.0257</Latitude><Longitude>55.1319</Longitude><Velocidade>18</Velocidade><Direcao>95.07010169832708</Direcao><Status>Ancorado</Status></PontoDeDados></Rastreamento></Navio>