<?xml version='1.0' encoding='utf-8'?>
<Navio ID="30"><Nome>Navio ^</Nome><Rastreamento><PontoDeDados Timestamp="2021-10-28T14:17:23Z"><Latitude>22.3193</Latitude><Longitude>114.1694</Longitude><Velocidade>16</Velocidade><Direcao>26.79531671724531</Direcao><Status>Ancorado</Status></PontoDeDados><PontoDeDados Timestamp="2021-10-28T20:17:23Z"><Latitude>22.3193</Latitude><Longitude>114.1694</Longitude><Velocidade>16</Velocidade><Direcao>26.79531671724531</Direcao><Status>Ancorado</Status></PontoDeDados><PontoDeDados Timestamp="2021-10-29T02:17:23Z"><Latitude>22.3193</Latitude><Longitude>114.1694</Longitude><Velocidade>16</Velocidade><Direcao>26.79531671724531</Direcao><Status>Ancorado</Status></PontoDeDados></Rastreamento></Navio>