<?xml version='1.0' encoding='utf-8'?>
<Navio ID="34"><Nome>Navio b</Nome><Rastreamento><PontoDeDados Timestamp="2022-04-16T14:17:23Z"><Latitude>22.6167</Latitude><Longitude>120.2833</Longitude><Velocidade>17</Velocidade><Direcao>334.65768458843087</Direcao><Status>Ancorado</Status></PontoDeDados><PontoDeDados Timestamp="2022-04-16T20:17:23Z"><Latitude>22.6167</Latitude><Longitude>120.2833</Longitude><Velocidade>17</Velocidade><Direcao>334.65768458843087</Direcao><Status>Ancorado</Status></PontoDeDados><PontoDeDados Timestamp="2022-04-17T02:17:23Z"><Latitude>22.6167</Latitude><Longitude>120.2833</Longitude><Velocidade>17</Velocidade><Direcao>334.65768458843087</Direcao><Status>Ancorado</Status></PontoDeDados></Rastreamento></Navio>