<?xml version='1.0' encoding='utf-8'?>
<Navio ID="19"><Nome>Navio S</Nome><Rastreamento><PontoDeDados Timestamp="2022-02-23T14:17:23Z"><Latitude>13.0833</Latitude><Longitude>100.9167</Longitude><Velocidade>14</Velocidade><Direcao>177.37446695311303</Direcao><Status>Ancorado</Status></PontoDeDados><PontoDeDados Timestamp="2022-02-23T20:17:23Z"><Latitude>13.0833</Latitude><Longitude>100.9167</Longitude><Velocidade>14</Velocidade><Direcao>177.37446695311303</Direcao><Status>Ancorado</Status></PontoDeDados></Rastreamento></Navio>