<?xml version='1.0' encoding='utf-8'?>
<Navio ID="23"><Nome>Navio W</Nome><Rastreamento><PontoDeDados Timestamp="2022-05-27T14:17:23Z"><Latitude>29.8683</Latitude><Longitude>122.0267</Longitude><Velocidade>18</Velocidade><Direcao>24.368913081702814</Direcao><Status>Ancorado</Status></PontoDeDados><PontoDeDados Timestamp="2022-05-27T20:17:23Z"><Latitude>29.8683</Latitude><Longitude>122.0267</Longitude><Velocidade>18</Velocidade><Direcao>24.368913081702814</Direcao><Status>Ancorado</Status></PontoDeDados></Rastreamento></Navio>