<?xml version='1.0' encoding='utf-8'?>
<Navio ID="13"><Nome>Navio M</Nome><Rastreamento><PontoDeDados Timestamp="2022-04-26T14:17:23Z"><Latitude>40.6413</Latitude><Longitude>-74.0744</Longitude><Velocidade>14</Velocidade><Direcao>185.86082338842695</Direcao><Status>Ancorado</Status></PontoDeDados><PontoDeDados Timestamp="2022-04-26T20:17:23Z"><Latitude>40.6413</Latitude><Longitude>-74.0744</Longitude><Velocidade>14</Velocidade><Direcao>185.86082338842695</Direcao><Status>Ancorado</Status></PontoDeDados><PontoDeDados Timestamp="2022-04-27T02:17:23Z"><Latitude>40.6413</Latitude><Longitude>-74.0744</Longitude><Velocidade>14</Velocidade><Direcao>185.86082338842695</Direcao><Status>Ancorado</Status></PontoDeDados></Rastreamento></Navio>