<?xml version='1.0' encoding='utf-8'?>
<Navio ID="47"><Nome>Navio o</Nome><Rastreamento><PontoDeDados Timestamp="2021-08-10T14:17:23Z"><Latitude>53.5511</Latitude><Longitude>9.9937</Longitude><Velocidade>24</Velocidade><Direcao>49.11260574571675</Direcao><Status>Ancorado</Status></PontoDeDados><PontoDeDados Timestamp="2021-08-10T20:17:23Z"><Latitude>53.5511</Latitude><Longitude>9.9937</Longitude><Velocidade>24</Velocidade><Direcao>49.11260574571675</Direcao><Status>Ancorado</Status></PontoDeDados></Rastreamento></Navio>