<?xml version='1.0' encoding='utf-8'?>
<Navio ID="50"><Nome>Navio r</Nome><Rastreamento><PontoDeDados Timestamp="2021-12-30T14:17:23Z"><Latitude>1.3592</Latitude><Longitude>103.5528</Longitude><Velocidade>14</Velocidade><Direcao>296.27872712998266</Direcao><Status>Ancorado</Status></PontoDeDados><PontoDeDados Timestamp="2021-12-30T20:17:23Z"><Latitude>1.3592</Latitude><Longitude>103.5528</Longitude><Velocidade>14</Velocidade><Direcao>296.27872712998266</Direcao><Status>Ancorado</Status></PontoDeDados></Rastreamento></Navio>