<?xml version='1.0' encoding='utf-8'?>
<Navio ID="32"><Nome>Navio `</Nome><Rastreamento><PontoDeDados Timestamp="2022-03-30T14:17:23Z"><Latitude>35.835</Latitude><Longitude>14.545</Longitude><Velocidade>14</Velocidade><Direcao>326.2647688224059</Direcao><Status>Ancorado</Status></PontoDeDados><PontoDeDados Timestamp="2022-03-30T20:17:23Z"><Latitude>35.835</Latitude><Longitude>14.545</Longitude><Velocidade>14</Velocidade><Direcao>326.2647688224059</Direcao><Status>Ancorado</Status></PontoDeDados><PontoDeDados Timestamp="2022-03-31T02:17:23Z"><Latitude>35.835</Latitude><Longitude>14.545</Longitude><Velocidade>14</Velocidade><Direcao>326.2647688224059</Direcao><Status>Ancorado</Status></PontoDeDados></Rastreamento></Navio>