<?xml version='1.0' encoding='utf-8'?>
<Navio ID="14"><Nome>Navio N</Nome><Rastreamento><PontoDeDados Timestamp="2021-08-20T14:17:23Z"><Latitude>36.0671</Latitude><Longitude>120.3826</Longitude><Velocidade>14</Velocidade><Direcao>245.69875126932837</Direcao><Status>Ancorado</Status></PontoDeDados><PontoDeDados Timestamp="2021-08-20T20:17:23Z"><Latitude>36.0671</Latitude><Longitude>120.3826</Longitude><Velocidade>14</Velocidade><Direcao>245.69875126932837</Direcao><Status>Ancorado</Status></PontoDeDados></Rastreamento></Navio>