<?xml version='1.0' encoding='utf-8'?>
<Navio ID="46"><Nome>Navio n</Nome><Rastreamento><PontoDeDados Timestamp="2021-07-16T14:17:23Z"><Latitude>-23.9622</Latitude><Longitude>-46.3344</Longitude><Velocidade>15</Velocidade><Direcao>312.38393068721393</Direcao><Status>Ancorado</Status></PontoDeDados><PontoDeDados Timestamp="2021-07-16T20:17:23Z"><Latitude>-23.9622</Latitude><Longitude>-46.3344</Longitude><Velocidade>15</Velocidade><Direcao>312.38393068721393</Direcao><Status>Ancorado</Status></PontoDeDados><PontoDeDados Timestamp="2021-07-17T02:17:23Z"><Latitude>-23.9622</Latitude><Longitude>-46.3344</Longitude><Velocidade>15</Velocidade><Direcao>312.38393068721393</Direcao><Status>Ancorado</Status></PontoDeDados></Rastreamento></Navio>