<?xml version='1.0' encoding='utf-8'?>
<Navio ID="45"><Nome>Navio m</Nome><Rastreamento><PontoDeDados Timestamp="2021-10-27T14:17:23Z"><Latitude>25.0257</Latitude><Longitude>55.1319</Longitude><Velocidade>18</Velocidade><Direcao>87.63284189546341</Direcao><Status>Ancorado</Status></PontoDeDados><PontoDeDados Timestamp="2021-10-27T20:17:23Z"><Latitude>25.0257</Latitude><Longitude>55.1319</Longitude><Velocidade>18</Velocidade><Direcao>87.63284189546341</Direcao><Status>Ancorado</Status></PontoDeDados></Rastreamento></Navio>