<?xml version='1.0' encoding='utf-8'?>
<Navio ID="11"><Nome>Navio K</Nome><Rastreamento><PontoDeDados Timestamp="2022-03-09T14:17:23Z"><Latitude>36.1267</Latitude><Longitude>-5.445</Longitude><Velocidade>17</Velocidade><Direcao>169.99825097294473</Direcao><Status>Ancorado</Status></PontoDeDados><PontoDeDados Timestamp="2022-03-09T20:17:23Z"><Latitude>36.1267</Latitude><Longitude>-5.445</Longitude><Velocidade>17</Velocidade><Direcao>169.99825097294473</Direcao><Status>Ancorado</Status></PontoDeDados></Rastreamento></Navio>