<?xml version='1.0' encoding='utf-8'?>
<Navio ID="27"><Nome>Navio [</Nome><Rastreamento><PontoDeDados Timestamp="2022-01-18T14:17:23Z"><Latitude>36.0671</Latitude><Longitude>120.3826</Longitude><Velocidade>18</Velocidade><Direcao>179.43528531549416</Direcao><Status>Ancorado</Status></PontoDeDados><PontoDeDados Timestamp="2022-01-18T20:17:23Z"><Latitude>36.0671</Latitude><Longitude>120.3826</Longitude><Velocidade>18</Velocidade><Direcao>179.43528531549416</Direcao><Status>Ancorado</Status></PontoDeDados></Rastreamento></Navio>