<?xml version='1.0' encoding='utf-8'?>
<Navio ID="15"><Nome>Navio O</Nome><Rastreamento><PontoDeDados Timestamp="2021-07-22T14:17:23Z"><Latitude>29.8683</Latitude><Longitude>122.0267</Longitude><Velocidade>14</Velocidade><Direcao>124.64916744804364</Direcao><Status>Ancorado</Status></PontoDeDados><PontoDeDados Timestamp="2021-07-22T20:17:23Z"><Latitude>29.8683</Latitude><Longitude>122.0267</Longitude><Velocidade>14</Velocidade><Direcao>124.64916744804364</Direcao><Status>Ancorado</Status></PontoDeDados></Rastreamento></Navio>